{
  "project_info": {
    "project_number": "1092999779942",
    "firebase_url": "https://pillbox-aditya.firebaseio.com",
    "project_id": "pillbox-aditya",
    "storage_bucket": "pillbox-aditya.appspot.com"
  },
  "client": [
    {
      "client_info": {
        "mobilesdk_app_id": "1:1092999779942:android:c6f04ad81e0ee18e",
        "android_client_info": {
          "package_name": "com.amplify.pillbox"
        }
      },
      "oauth_client": [
        {
          "client_id": "1092999779942-b9dn1h4l5svhhv6e23fb0397k343mf0p.apps.googleusercontent.com",
          "client_type": 1,
          "android_info": {
            "package_name": "com.amplify.pillbox",
            "certificate_hash": "6d0a6c7aa37e395bd5e9f5e86558435fc1483ebb"
          }
        },
        {
          "client_id": "1092999779942-7pmtsfispieh40l5ejkl0f8nal0hlnrj.apps.googleusercontent.com",
          "client_type": 3
        }
      ],
      "api_key": [
        {
          "current_key": "AIzaSyBDyEsE0u-wa-4z4Z8IWDQ4BovfiRE0WcI"
        }
      ],
      "services": {
        "analytics_service": {
          "status": 1
        },
        "appinvite_service": {
          "status": 2,
          "other_platform_oauth_client": [
            {
              "client_id": "1092999779942-7pmtsfispieh40l5ejkl0f8nal0hlnrj.apps.googleusercontent.com",
              "client_type": 3
            }
          ]
        },
        "ads_service": {
          "status": 2
        }
      }
    }
  ],
  "configuration_version": "1"
}